player_id,player_name
0,Antony Dupuis
1,Fernando Gonzalez
2,Paradorn Srichaphan
3,Jan Siemerink
4,Jason Stoltenberg
5,Jiri Vanek
6,Martin Rodriguez
7,Paul Goldstein
8,Nicolas Massu
9,Jan Kroslak
10,Michael Russell
11,Gianluca Pozzi
12,Razvan Sabau
13,Markus Hantschk
14,Xavier Malisse
15,Ramon Delgado
16,Andre Agassi
17,Michal Tabara
18,Jeff Tarango
19,Magnus Larsson
20,Sargis Sargsian
21,Chris Woodruff
22,Todd Woodbridge
23,Julian Alonso
24,Michael Chang
25,Andrew Ilie
26,Stephane Huet
27,Stefan Koubek
28,Yevgeny Kafelnikov
29,Daniel Vacek
30,Fabrice Santoro
31,Hicham Arazi
32,Mariano Zabaleta
33,Cyril Saulnier
34,Jerome Golmard
35,Greg Rusedski
36,Cedric Pioline
37,Karol Kucera
38,Thomas Enqvist
39,Dominik Hrbaty
40,Marc Rosset
41,Goran Ivanisevic
42,Roger Federer
43,Arnaud Clement
44,Wayne Ferreira
45,Arnaud Di Pasquale
46,Andrei Pavel
47,Nicolas Lapentti
48,Lleyton Hewitt
49,Julien Boutter
50,Jiri Novak
51,Byron Black
52,Marcelo Rios
53,Jens Knippschild
54,Pete Sampras
55,Justin Gimelstob
56,Agustin Calleri
57,Petr Kralert
58,Tommy Haas
59,Rainer Schuettler
60,Hyung Taik Lee
61,Franco Squillari
62,Tim Henman
63,Richard Krajicek
64,Andre Sa
65,Karim Alami
66,Alexander Popp
67,Marat Safin
68,Sebastien Grosjean
69,Daniel Nestor
70,Hernan Gumy
71,Juan Carlos Ferrero
72,Nicolas Kiefer
73,Jonas Bjorkman
74,Sjeng Schalken
75,Adrian Voinea
76,Max Mirnyi
77,Albert Costa
78,Magnus Norman
79,Alex Corretja
80,Slava Dosedel
81,Carlos Moya
82,Todd Martin
83,Mark Philippoussis
84,Jan Michael Gambill
85,Thomas Johansson
86,Galo Blanco
87,Richard Fromberg
88,Wayne Arthurs
89,David Prinosil
90,Andrei Stoliarov
91,Jared Palmer
92,Vladimir Voltchkov
93,Alex Calatrava
94,Christian Ruud
95,Brian Macphie
96,Tomas Zib
97,Orlin Stanoytchev
98,Davide Sanguinetti
99,Harel Levy
100,Laurence Tieleman
101,Axel Pretzsch
102,Mark Woodforde
103,Cecil Mamiit
104,Richey Reneberg
105,Jeff Salzenstein
106,Mikael Tillstrom
107,Nicolas Escude
108,Patrick Rafter
109,Gustavo Kuerten
110,Francisco Clavet
111,Filip Dewulf
112,Peter Wessels
113,Sergi Bruguera
114,Kevin Kim
115,Younes El Aynaoui
116,Nicolas Coutelot
117,Mariano Puerta
118,Reginald Willems
119,Fernando Vicente
120,Herbert Wiltschnig
121,Christophe Rochus
122,Alex Lopez Moron
123,Andreas Vinciguerra
124,Raemon Sluiter
125,Leander Paes
126,Fredrik Jonsson
127,Wayne Black
128,Michael Hill
129,James Sekulov
130,Albert Portas
131,Michael Llodra
132,Tomas Behrend
133,Kevin Ullyett
134,Grant Stafford
135,Juan Ignacio Chela
136,Alejandro Hernandez
137,Gaston Gaudio
138,Guillermo Canas
139,Fernando Meligeni
140,Ronald Agenor
141,Magnus Gustafsson
142,Martin Damm
143,Karsten Braasch
144,Mikhail Youzhny
145,Alberto Martin
146,Dejan Petrovic
147,Christian Vinck
148,Jean Rene Lisnard
149,Lars Burgsmuller
150,Ivan Ljubicic
151,Bohdan Ulihrach
152,Wolfgang Schranz
153,Marzio Martelli
154,Roberto Carretero
155,Juan Antonio Marin
156,David Sanchez
157,German Puentes
158,Andy Roddick
159,Michel Kratochvil
160,Mardy Fish
161,Jim Courier
162,George Bastl
163,Andrei Medvedev
164,Felix Mantilla
165,Guillermo Coria
166,Alberto Berasategui
167,Andrea Gaudenzi
168,Renzo Furlan
169,Diego Nargiso
170,Attila Savolt
171,Juan Balcells
172,Marc Kevin Goellner
173,Dinu Pescariu
174,Michael Kohlmann
175,Jean Francois Bachelot
176,Oscar Burrieza
177,Emilio Benfele Alvarez
178,Mariano Hood
179,Adrian Garcia
180,Jonathan Erlich
181,Jamie Delgado
182,Markus Hipfl
183,Michael Sell
184,John Van Lottum
185,Neville Godwin
186,Olivier Rochus
187,Alex Obrien
188,Vincent Spadea
189,Martin Lee
190,Arvind Parmar
191,Justin Bower
192,Sebastien Lareau
193,Lionel Roux
194,Gouichi Motomura
195,Taylor Dent
196,Simon Larose
197,Salvador Navarro
198,Ville Liukko
199,Johan Ortegren
200,Jonas Froberg
201,Mike Bryan
202,Thierry Guardiola
203,Jacobo Diaz
204,Barry Cowan
205,Lorenzo Manta
206,Tuomas Ketola
207,Federico Browne
208,Gaston Etlis
209,Kristian Capalik
210,Paul Henri Mathieu
211,Federico Luzzi
212,David Wheaton
213,Bob Bryan
214,Scott Draper
215,Edwin Kempes
216,Dennis Van Scheppingen
217,Sergio Roitman
218,Nikolay Davydenko
219,Ivo Heuberger
220,Daniel Elsner
221,Cristiano Caratti
222,Andrei Cherkasov
223,Stefano Tarallo
224,Juan Albert Viloca Puig
225,Nicolas Thomann
226,Leos Friedl
227,Takao Suzuki
228,Kalle Flygt
229,Yong Il Yoon
230,Eric Taino
231,Sebastian Prieto
232,Marcelo Charpentier
233,Werner Eschauer
234,Lee Childs
235,Tommy Robredo
236,Dmitry Tursunov
237,Kristian Pless
238,David Nalbandian
239,James Blake
240,Bjorn Phau
241,Jack Brasington
242,Robby Ginepri
243,Alexander Peya
244,Vadim Kutsenko
245,Gabriel Trifu
246,Jan Vacek
247,Oliver Marach
248,Hugo Armando
249,Alexandre Simoni
250,Gilles Elseneer
251,Glenn Weiner
252,Kenneth Carlsen
253,Jose Acasuso
254,Johan Settergren
255,Olivier Mutis
256,Marcos Ondruska
257,Jan Frode Andersen
258,Albert Montanes
259,Mauricio Hadad
260,Miguel Tobon
261,Ignacio Hirigoyen
262,Irakli Labadze
263,Michael Tebbutt
264,Takahiro Terachi
265,Noam Behr
266,Ruben Ramirez Hidalgo
267,Marc Lopez
268,Vincenzo Santopadre
269,Noam Okun
270,Alex Kim
271,Michael Joyce
272,Flavio Saretta
273,Ivaylo Traykov
274,Nicolas Mahut
275,Jarkko Nieminen
276,Robin Soderling
277,Oliver Gross
278,Hiroki Kondo
279,Danai Udomchoke
280,Ota Fukarek
281,Nenad Zimonjic
282,Feliciano Lopez
283,Julien Benneteau
284,Oscar Serrano
285,Carlos Cuadrado
286,Luis Horna
287,Ricardo Mello
288,Rogier Wassen
289,Yves Allegro
290,Oleg Ogorodov
291,Marc Gicquel
292,Gregory Carraz
293,Martin Verkerk
294,Mario Ancic
295,Karol Beck
296,Jeff Morrison
297,Stefano Galvani
298,Jurgen Melzer
299,Radek Stepanek
300,Mashiska Washington
301,Brian Vahaly
302,Rafael Nadal
303,Fernando Verdasco
304,Zeljko Krajan
305,Mark Nielsen
306,David Ferrer
307,Mario Radic
308,Victor Hanescu
309,Julio Silva
310,Julian Knowle
311,Alexander Waske
312,Thomas Schiessling
313,Gorka Fraile
314,Thomas Blake
315,Joachim Johansson
316,Didac Perez
317,Alex Bogomolov Jr
318,Juan Giner
319,Giorgio Galimberti
320,Richard Gasquet
321,Sebastien De Chaunac
322,Amir Hadad
323,Dick Norman
324,Mounir El Aarej
325,Frank Dancevic
326,Julien Varlet
327,Filippo Volandri
328,Ivan Miranda
329,Tomas Berdych
330,Ivo Karlovic
331,Wesley Moodie
332,Eric Prodon
333,Zack Fleishman
334,Prakash Amritraj
335,Todd Larkham
336,Joseph Sirianni
337,Jaymon Crabb
338,Peter Luczak
339,Robert Kendrick
340,Bernardo Mota
341,Alex Bogdanovic
342,Satoshi Iwabuchi
343,Tasuku Iwami
344,Oscar Hernandez
345,Tomas Tenconi
346,Nicolas Almagro
347,Diego Veronelli
348,Maximilian Abel
349,Rodolphe Cadart
350,Igor Andreev
351,Ion Moldovan
352,Frantisek Cermak
353,Rajeev Ram
354,Janko Tipsarevic
355,Chris Guccione
356,Amer Delic
357,Thierry Ascione
358,Giovanni Lapentti
359,Sasa Tuksar
360,Stanislas Wawrinka
361,Kristof Vliegen
362,Edgardo Massa
363,Hermes Gamonal
364,Marcos Daniel
365,Todd Reid
366,Rik De Voest
367,Bjorn Rehnquist
368,Dusan Vemic
369,Florin Mergea
370,Paul Baccanello
371,Frederic Niemeyer
372,Philipp Petzschner
373,Philipp Kohlschreiber
374,Juan Pablo Guzman
375,Santiago Ventura
376,Juan Monaco
377,Olivier Patience
378,Marco Chiudinelli
379,Andreas Seppi
380,Florian Mayer
381,Diogo Rocha
382,Potito Starace
383,Jerome Haehnel
384,Guillermo Garcia Lopez
385,Jimmy Wang
386,Gilles Muller
387,Michael Ryderstedt
388,KJ Hippensteel
389,Jan Hernych
390,Matias Boeker
391,Novak Djokovic
392,Nicolas Devilder
393,Alejandro Falla
394,Julien Jeanpierre
395,Marcos Baghdatis
396,Florent Serra
397,Gael Monfils
398,Jonathan Marray
399,Jo Wilfried Tsonga
400,Yen Hsun Lu
401,Hao Lu
402,Boris Pashanski
403,Stephane Robert
404,Fred Hemmes
405,Daniel Koellerer
406,Tomas Cakl
407,Brian Baker
408,Lukasz Kubot
409,Andreas Beck
410,Martin Vassallo Arguello
411,Igor Kunitsyn
412,Daniele Bracciali
413,Mark Hilton
414,Stefano Pescosolido
415,Edouard Roger Vasselin
416,Ben Qiang Zhu
417,Melle Van Gemerden
418,Yuri Schukin
419,Ivo Minar
420,Wesley Whitehouse
421,Ian Flanagan
422,Uros Vico
423,Andy Murray
424,Nathan Healey
425,Bobby Reynolds
426,Gilles Simon
427,Robin Vik
428,Lukas Dlouhy
429,Francesco Aldi
430,Roko Karanusic
431,Michael Berrer
432,Teymuraz Gabashvili
433,Todd Widom
434,Peng Sun
435,Alessio Di Mauro
436,Michal Mertinak
437,Yu Jr Wang
438,Toshihide Matsui
439,Travis Rettenmaier
440,David Sherwood
441,Ilija Bozoljac
442,Adam Chadaj
443,Ivan Navarro
444,Sergiy Stakhovsky
445,Francisco Fogues
446,Denis Gremelmayr
447,Scoville Jenkins
448,Andy Ram
449,Rainer Eitzinger
450,Michael Lammer
451,Paul Capdeville
452,Evgeny Korolev
453,Dieter Kindlmann
454,Jeremy Chardy
455,Mathieu Montcourt
456,Juan Martin Del Potro
457,Victor Crivoi
458,Frederico Gil
459,Gustavo Marcaccio
460,Carlos Berlocq
461,Marin Cilic
462,Andreas Haider Maurer
463,Thiemo De Bakker
464,Fabio Fognini
465,Sam Querrey
466,Thiago Alves
467,Simon Greul
468,Mischa Zverev
469,Slimane Saoudi
470,Mehdi Tahiri
471,Rohan Bopanna
472,Richard Bloomfield
473,Benjamin Becker
474,Diego Hartfield
475,Diego Junqueira
476,Jan Hajek
477,Gianluca Naso
478,Viktor Troicki
479,Tobias Clemens
480,Konstantin Kravchuk
481,Stefano Ianni
482,Dominik Meffert
483,Jorge Aguilar
484,Daniel Gimeno Traver
485,Mikhail Ledovskikh
486,Benjamin Balleret
487,Michal Przysiezny
488,Mohammad Ghareeb
489,Ivo Klec
490,Jean Christophe Faurel
491,Andre Ghem
492,Scott Oudsema
493,Brian Wilson
494,Sam Warburg
495,Ryan Sweeting
496,Andrea Stoppini
497,Phillip King
498,Ernests Gulbis
499,James Auckland
500,Luka Gregorc
501,Simon Stadler
502,Aisam Ul Haq Qureshi
503,Simone Bolelli
504,Denis Matsukevitch
505,Robin Haase
506,John Isner
507,Donald Young
508,Dudi Sela
509,Wayne Odesnik
510,Steve Darcis
511,Konstantinos Economidis
512,Laurent Recouderc
513,Juan Pablo Brzezicki
514,Flavio Cipolla
515,Alex Kuznetsov
516,Jamie Baker
517,Kei Nishikori
518,Martin Klizan
519,Karan Rastogi
520,Paolo Lorenzi
521,Pablo Andujar
522,Filip Prpic
523,Matthias Bachinger
524,Daniel Brands
525,Tobias Summerer
526,Pere Riba
527,Augustin Gensse
528,Marcel Granollers
529,Robert Smeets
530,Andrey Golubev
531,Nick Lindahl
532,Alun Jones
533,Jesse Levine
534,Eduardo Schwank
535,Santiago Giraldo
536,Massimo Dellacqua
537,Maximo Gonzalez
538,Sebastian Decoud
539,Kevin Anderson
540,Alexander Kudryavtsev
541,Lovro Zovko
542,Rafael Arevalo
543,Josselin Ouanna
544,Adrian Cruciat
545,Pablo Cuevas
546,David Marrero
547,Thomaz Bellucci
548,Blaz Kavcic
549,Chris Eaton
550,Mikhail Kukushkin
551,Gabriel Trujillo Soler
552,Romain Jouan
553,Adrian Mannarino
554,Brendan Evans
555,Stephane Bohli
556,Jesse Huta Galung
557,Ervin Eleskovic
558,Brian Dabul
559,Leonardo Mayer
560,Miguel Angel Lopez Jaen
561,Somdev Devvarman
562,Denis Istomin
563,Woong Sun Jun
564,Jean Claude Scherrer
565,Go Soeda
566,Joao Sousa
567,Rui Machado
568,Martin Slanar
569,Lukas Rosol
570,Samuel Groth
571,Lamine Ouahab
572,Ryan Harrison
573,Karlis Lejnieks
574,Michail Elgin
575,Ryler Deheart
576,Franco Ferreiro
577,Lukas Lacko
578,Izak Van Der Merwe
579,Raven Klaasen
580,Illya Marchenko
581,Alexandre Sidorenko
582,James Ward
583,Joshua Goodall
584,Brydan Klein
585,Grigor Dimitrov
586,Carsten Ball
587,Jesse Witten
588,Marsel Ilhan
589,Horacio Zeballos
590,Andrey Kuznetsov
591,Alexandr Dolgopolov
592,Ivan Dodig
593,Antonio Veic
594,David Guez
595,Shao Xuan Zeng
596,Marius Copil
597,Bernard Tomic
598,Guillaume Rufin
599,Peter Polansky
600,Jose Rubin Statham
601,Daniel Munoz De La Nava
602,Filip Krajinovic
603,Ricardas Berankis
604,Tobias Kamke
605,Julian Reister
606,Martin Fischer
607,Leonardo Tavares
608,Petar Jelenic
609,Reda El Amrani
610,Igor Sijsling
611,Henri Kontinen
612,Benoit Paire
613,Dustin Brown
614,Simone Vagnozzi
615,Adrian Ungur
616,Evgeny Donskoy
617,Yan Bai
618,Ivan Sergeyev
619,Louk Sorensen
620,Joao Souza
621,Tim Smyczek
622,Albert Ramos
623,Matthew Ebden
624,Grega Zemlja
625,Franco Skugor
626,Milos Raonic
627,Yuki Bhambri
628,Marinko Matosevic
629,Ruben Bemelmans
630,Alexander Sadecky
631,Sergei Bubka
632,Denis Kudla
633,Yannick Mertens
634,Marcel Felder
635,Caio Zampieri
636,Aljaz Bedene
637,Guillermo Alcaide
638,Ricardo Hocevar
639,Javier Marti
640,Jonathan Dasnieres De Veigy
641,Guillermo Olaso
642,Malek Jaziri
643,Rogerio Dutra Silva
644,Vasek Pospisil
645,Jack Sock
646,Dusan Lajovic
647,Alessandro Giannessi
648,David Goffin
649,Daniel Kosakowski
650,Michael Yani
651,Bastian Knittel
652,Cedrik Marcel Stebe
653,Santiago Gonzalez
654,Pierre Ludovic Duclos
655,Dominic Thiem
656,Tatsuma Ito
657,Pavol Cervenak
658,Federico Delbonis
659,Yuichi Sugita
660,Thomas Schoorel
661,Maxime Teixeira
662,Sebastian Rieschick
663,Mathieu Rodrigues
664,Nicolas Renavand
665,Ze Zhang
666,Fritz Wolmarans
667,Mate Pavic
668,Marco Trungelliti
669,Jurgen Zopp
670,Attila Balazs
671,Philipp Oswald
672,Roberto Bautista Agut
673,Patrik Rosenholm
674,Dimitar Kutrovsky
675,Robert Farah
676,Jerzy Janowicz
677,James Duckworth
678,Inigo Cervantes Huegun
679,Kenny De Schepper
680,Albano Olivetti
681,Hiroki Moriya
682,Sergio Gutierrez Ferrol
683,Facundo Bagnis
684,Michael Mcclune
685,Steve Johnson
686,Clement Reix
687,Vincent Millot
688,Bradley Klahn
689,Dennis Novikov
690,Kyle Edmund
691,Martin Alund
692,Guido Pella
693,Henri Laaksonen
694,Jan Lennard Struff
695,John Millman
696,Jaroslav Pospisil
697,Mirza Basic
698,Miloslav Mecir
699,Pablo Carreno Busta
700,Gastao Elias
701,Diego Sebastian Schwartzman
702,Rhyne Williams
703,Matteo Viola
704,Peter Gojowczyk
705,Daniel Evans
706,Nils Langer
707,Victor Estrella
708,Emilio Gomez
709,Amir Weintraub
710,Christian Garin
711,Arnau Brugues Davi
712,Karen Khachanov
713,Marton Fucsovics
714,Mohamed Safwat
715,Christian Harrison
716,Greg Jones
717,Filip Peliwo
718,Lucas Pouille
719,Nick Kyrgios
720,Pierre Hugues Herbert
721,Alejandro Gonzalez
722,Jiri Vesely
723,Philip Davydenko
724,Yann Marti
725,Taro Daniel
726,Thanasi Kokkinakis
727,Aleksandr Nedovyesov
728,Roberto Carballes Baena
729,Alexander Zverev
730,Radu Albot
731,Elias Ymer
732,Christian Lindell
733,Renzo Olivo
734,Blaz Rola
735,Damir Dzumhur
736,Ramkumar Ramanathan
737,Borna Coric
738,Chuhan Wang
739,Austin Krajicek
740,Ante Pavic
741,Luke Saville
742,Mate Delic
743,Jason Kubler
744,Nikola Milojevic
745,Axel Michon
746,Tim Puetz
747,Bastian Trinker
748,Jared Donaldson
749,Andrey Rublev
750,Liam Broady
751,Nikoloz Basilashvili
752,Nicolas Jarry
753,Gerald Melzer
754,Gianni Mina
755,Hyeon Chung
756,Daniel Elahi Galan Riveros
757,Alexander Sarkissian
758,Marcelo Demoliner
759,Alejandro Gomez GB42
760,Adrian Menendez Maceiras
761,Yoshihito Nishioka
762,Zhizhen Zhang
763,Nikola Mektic
764,John Patrick Smith
765,Taylor Harry Fritz
766,Dennis Novak
767,Facundo Arguello
768,Guido Andreozzi
769,Francis Tiafoe
770,Jaume Munar
771,Luca Vanni
772,Matteo Donati
773,Arthur De Greef
774,Aslan Karatsev
775,Michael Venus
776,Andrea Arnaboldi
777,Thomas Fabbiano
778,Matthew Barton
779,Jordan Thompson
780,Quentin Halys
781,Omar Jasika
782,Noah Rubin
783,Andrej Martin
784,Thiago Monteiro
785,Bjorn Fratangelo
786,Jozef Kovalik
787,Tommy Paul
788,Marco Cecchinato
789,Adam Pavlasek
790,Mathias Bourgue
791,Stefan Kozlov
792,Daniil Medvedev
793,Ernesto Escobedo
794,Marcus Willis
795,Calvin Hemery
796,Carl Soderlund
797,Nicolas Kicker
798,Louis Wessels
799,Jan Mertl
800,Tristan Lamasine
801,Nikola Cacic
802,Denis Shapovalov
803,Steven Diez
804,Reilly Opelka
805,Jan Satral
806,Di Wu
807,Andrew Whittington
808,Alexander Bublik
809,Mikael Ymer
810,Ivan Endara
811,Gonzalo Lama
812,Hans Podlipnik Castillo
813,Farrukh Dustov
814,Saketh Myneni
815,Yong Kyu Lim
816,Seong Chan Hong
817,Peter Nagy
818,Edan Leshem
819,Matwe Middelkoop
820,Marcelo Arevalo
821,Ricardo Rodriguez
822,Luis David Martinez
823,Lucas Gomez
824,Hans Hach Verdugo
825,Christopher Diaz Figueroa
826,Wilfredo Gonzalez
827,Miguel Angel Este
828,Mauricio Echazu
829,Nicolas Alvarez
830,Sebastian Arcila
831,Ignacio Garcia
832,Jeson Patrombon
833,Ruben Gonzales
834,Francis Casey Alcantara
835,Harshana Godamanna
836,Pruchya Isarow
837,Sharmal Dissanayake
838,Mohd Assri Merzuki
839,Liang Chi Huang
840,Jui Chen Hung
841,Ti Chen
842,Kittipong Wachiramanowong
843,Kuan Yi Lee
844,Tsung Hua Yang
845,Christopher Rungkat
846,Nam Hoang Ly
847,Thien Nguyen Hoang
848,Frederik Nielsen
849,Ilya Ivashka
850,Egor Gerasimov
851,Cem Ilkel
852,Alexandar Lazarov
853,Mikael Torpegaard
854,Christian Sigsgaard
855,Benjamin Hannestad
856,Yaraslau Shyla
857,Tomislav Brkic
858,Nerman Fatic
859,Viktor Durasovic
860,Casper Ruud
861,Laurynas Grigelis
862,Lukas Mugevicius
863,Tucker Vorster
864,Martins Podzus
865,Mikelis Libietis
866,Lucas Catarina
867,Lloyd George Muirhead Harris
868,Harri Heliovaara
869,Takanyi Garanganga
870,Hubert Hurkacz
871,Joris De Loore
872,Kamil Majchrzak
873,Antoine Bellier
874,Alex De Minaur
875,Marcelo Tomas Barrios Vera
876,Roberto Quiroz
877,Gonzalo Escobar
878,Frederico Ferreira Silva
879,Pedro Sousa
880,Jordi Munoz Abreu
881,Ayed Zatar
882,Darian King
883,Bruno Britez
884,Federico Zeballos
885,Manuel Sanchez
886,David Agung Susanto
887,Alberto Lim
888,Jirat Navasirisomboon
889,Wishaya Trongcharoenchaikul
890,Aqeel Khan
891,Hong Kit Jack Wong
892,Nicolaas Scholtz
893,Vladimir Ivanov
894,Antso Rakotondramanga
895,Jean Jacques Rakotohasy
896,Soren Hess Olesen
897,Thomas Oger
898,Simen Sunde Bratholm
899,Isak Arvidsson
900,Altug Celikbilek
901,Yasutaka Uchiyama
902,Levar Harper Griffith
903,Cedric Kauffmann
904,Igor Kornienko
905,Mark Knowles
906,Luke Jensen
907,Nicklas Kulti
908,Melvin Tong
909,Bernd Karbacher
910,Zbynek Mlynarik
911,Jan Boruszewski
912,Denis Golovanov
913,Dennis Peschek
914,Ivan Vajda
915,Martin Garcia
916,Olivier Malcor
917,Stefano Cobolli
918,Jakub Herm Zahlava
919,Martin Spottl
920,Scott Humphries
921,Francisco Costa
922,Miles Maclagan
923,Paul Kilderry
924,Igor Gaudi
925,Mahesh Bhupathi
926,Peter Tramacchi
927,Marcus Sarstrand
928,Jimy Szymanski
929,Jonathan Stark
930,Guillaume Raoux
931,Nuno Marques
932,Johan Landsberg
933,Yu Zhang
934,Sunil Kumar
935,Yaoki Ishii
936,Andy Fahlke
937,Lucas Arnold Ker
938,Paul Harsanyi
939,David Caldwell
940,Lior Mor
941,Radomir Vasek
942,Marcelo Filippini
943,Francisco Cabello
944,Hector Moretti
945,Andreas Fasching
946,Clemens Trimmel
947,Alex Witt
948,Jim Thomas
949,Kim Tiilikainen
950,Timo Fleischfresser
951,Nicklas Timfjord
952,Petr Luxa
953,David Miketa
954,Sultan Khalfan
955,Javier Sanchez
956,Michihisa Onoda
957,Jaime Cortes
958,Pablo Gonzalez
959,Luke Milligan
960,Oliver Freelove
961,Ladislav Svarc
962,Matthew Breen
963,Todd Perry
964,Chemseddine Belal
965,Dmitry Vlasov
966,Diego Moyano
967,Fazaluddin Syed
968,Robbie Koenig
969,Shan Jiang
970,Thomas Shimada
971,Solon Peppas
972,Helge Koll
973,Mose Navarra
974,Daniel Melo
975,Emanuel Couto
976,Tiago Sousa
977,Joshua Eagle
978,Omar Awadhy
979,Luke Smith
980,John Hui
981,Radim Zitko
982,Patricio Arquez
983,Krystian Pfeiffer
984,Artem Derepasko
985,Marko Tkalec
986,Iztok Bozic
987,Jaime Oncins
988,Javier Garcia Sintes
989,Dmitri Tomashevich
990,Vasilis Mazarakis
991,Emin Agaev
992,Kirill Ivanov Smolensky
993,Mariano Albert Ferrando
994,Radoslaw Nijaki
995,Bartlomiej Dabrowski
996,Daniel Willman
997,Johannes Ager
998,Luis Adrian Morejon
999,Leonardo Olguin
1000,Guillermo Hormazabal
1001,Hendrik Dreekmann
1002,Alan Mackin
1003,Nuno Matias
1004,Ben Ellwood
1005,Adam Kennedy
1006,Nicolas Todero
1007,Nasser Ghanim Al Khulaifi
1008,Joji Miyao
1009,Doug Bohaboy
1010,Marcello Craca
1011,Thomas Dupre
1012,Radoslav Lukaev
1013,Paul Hanley
1014,Alexander Shvec
1015,Trevor Spracklin
1016,Rasmus Norby
1017,Mariano Delfino
1018,Miguel Gallardo Valles
1019,Robert Yim
1020,Talal Ouahabi
1021,Ryan Henry
1022,Helder Lopes
1023,Gabriel Moraru
1024,Filip Urban
1025,Mariusz Fyrstenberg
1026,Marcin Matkowski
1027,Matthew Behrmann
1028,Igor Levine
1029,Diego Ayala
1030,Andrew Carlson
1031,Jay Gooding
1032,Christopher Koderisch
1033,Julio Peralta
1034,Henrik Andersson
1035,Jaroslav Levinsky
1036,Ingo Neumuller
1037,Frank Moser
1038,Paul Logtens
1039,Sonchat Ratiwatana
1040,Pavel Snobel
1041,Michael Quintero
1042,Jan Weinzierl
1043,Simon Rea
1044,Vadim Davletshin
1045,Raphael Durek
1046,Mehdi Ziadi
1047,Alexander Reichel
1048,Lester Cook
1049,Adrian Bohane
1050,Andres Pedroso
1051,Victor Ionita
1052,Konstantin Don Gruber
1053,Daniel Yoo
1054,Sebastian Fitz
1055,Juan Luis Tati Rascon
1056,Israel Matos Gil
1057,Guillem Burniol
1058,Pedro Braga
1059,Tripp Phillips
1060,Harsh Mankad
1061,Nick Van Der Meer
1062,Mathias Hellstrom
1063,Aljoscha Thron
1064,Minh Quan Do
1065,Phillip Simmonds
1066,Alex Clayton
1067,Mohammed Abdulla
1068,Marc Kimmich
1069,Jose Antonio Sanchez De Luna
1070,Takahiro Ittogi
1071,Philip Bester
1072,Rob Steckley
1073,Eric Nunez
1074,Steven Korteling
1075,Frank Condor
1076,Felipe Parada
1077,Phillip Harboe
1078,Evgeny Kirillov
1079,Horia Tecau
1080,Marco Mirnegg
1081,G Jones
1082,Zach Dailey
1083,John Paul Fruttero
1084,Tobias Klein
1085,Lars Uebel
1086,Luke Bourgeois
1087,Juan Martin Aranguren
1088,David Luque Velasco
1089,Leonardo Azzaro
1090,Damian Patriarca
1091,Armin Sandbichler
1092,Robin Roshardt
1093,Roman Vogeli
1094,David Skoch
1095,Tomislav Peric
1096,Vishal Uppal
1097,Benedikt Dorsch
1098,Torsten Popp
1099,Tetsuya Chaen
1100,Luka Belic
1101,Antal Van Der Duim
1102,Grzegorz Panfil
1103,Julien Mathieu
1104,Rameez Junaid
1105,Jacob Adaktusson
1106,Bartolome Salva Vidal
1107,Akash Wagh
1108,Jasper Smit
1109,Daniel King Turner
1110,Xin Yuan Yu
1111,Pavel Chekhov
1112,Michel Koning
1113,Bruno Echagaray
1114,Rabie Chaki
1115,Jonathan Eysseric
1116,Tim Goransson
1117,Erling Tveit
1118,Navdeep Singh
1119,Purav Raja
1120,Catalin Gard
1121,Predrag Rusevski
1122,Dawid Olejniczak
1123,Marc Fornell Mestres
1124,Hyun Woo Nam
1125,Peerakiat Siriluethaiwattana
1126,David Martin
1127,Francesco Piccari
1128,Vishnu Vardhan
1129,Komlavi Loglo
1130,Devin Mullings
1131,Cesar Ramirez
1132,Bruno Rodriguez
1133,Scott Lipsky
1134,Matteo Marrai
1135,Marko Djokovic
1136,Alberto Brizzi
1137,Uladzimir Ignatik
1138,Justin Oneal
1139,Jun Chao Xu
1140,Yuichi Ito
1141,Abdulla Hajji
1142,Alexander Slabinsky
1143,Jan Minar
1144,Mahmoud Nader Al Baloushi
1145,Clint Bowles
1146,Marco Crugnola
1147,Sascha Kloer
1148,Ross Hutchins
1149,Andrew Anderson
1150,Mikhail Biryukov
1151,Colin Fleming
1152,Daniel Dutra Da Silva
1153,Devin Britton
1154,Chase Buchanan
1155,Stanislav Vovk
1156,Petru Alexandru Luncanu
1157,Daniel Berta
1158,Arsenije Zlatanovic
1159,Evan King
1160,Mao Xin Gong
1161,Kevin Krawietz
1162,Roman Valent
1163,Colin Ebelthite
1164,Bruno Agostinelli
1165,Lars Poerschke
1166,Riccardo Ghedin
1167,Josh Goodall
1168,James Lemke
1169,Conor Niland
1170,Dusan Lojda
1171,Karim Maamoun
1172,Cristobal Saavedra Corvalan
1173,Kyu Tae Im
1174,Thomas Muster
1175,Martin Emmrich
1176,Ilya Belyaev
1177,Yew Ming Si
1178,Agustin Velotti
1179,Guilherme Clezar
1180,Thomas Jun Facchini Takemoto
1181,Fernando Romboli
1182,Ludovic Walter
1183,Daniel Cox
1184,Ivan Nedelko
1185,Oliver Golding
1186,Peter Torebko
1187,Andrey Kumantsov
1188,Artem Sitak
1189,Daniel Garza
1190,Robin Kern
1191,Erik Chvojka
1192,Gerard Granollers
1193,Roman Borvanov
1194,Pablo Galdon
1195,Felipe Rios
1196,Zhe Li
1197,Sherif Sabry
1198,Walter Trusendi
1199,Sergey Betov
1200,Mikhail Elgin
1201,Nikolai Fidirko
1202,Andrei Vasilevski
1203,Dennis Lajola
1204,Blake Strode
1205,Nicolas Meister
1206,Benjamin Mitchell
1207,Sandro Ehrat
1208,Carlos Gomez Herrera
1209,Jabor Al Mutawa
1210,Dominic Inglot
1211,Ariez Elyaas Deen Heshaam
1212,Sanam Singh
1213,Kristijan Mesaros
1214,Dino Marcan
1215,Juan Sebastian Cabal
1216,Yassine Idmbarek
1217,Andres Molteni
1218,Maxime Authom
1219,Aldin Setkic
1220,Laslo Djere
1221,Suk Young Jeong
1222,Mackenzie Mcdonald
1223,Markus Eriksson
1224,Matt Reid
1225,Milos Sekulic
1226,Niels Desein
1227,Filip Veger
1228,Romain Bogaerts
1229,Adrien Bossel
1230,Collin Altamirano
1231,Alexander Ward
1232,Miguel Angel Reyes Varela
1233,Nicolas Barrientos
1234,Juan Ignacio Londero
1235,Carlos Salamanca
1236,Eduardo Struvay
1237,Younes Rachidi
1238,Edward Corrie
1239,Boy Westerhof
1240,Josko Topic
1241,Mousa Shanan Zayed
1242,Kevin King
1243,Brayden Schnur
1244,Stefano Travaglia
1245,Karim Hossam
1246,Norbert Gombos
1247,Bowen Ouyang
1248,Xin Gao
1249,Hicham Khaddari
1250,Victor Baluda
1251,Pedja Krstin
1252,Viktor Galovic
1253,Martin Vaisse
1254,Tigre Hank
1255,Jeevan Nedunchezhiyan
1256,Nathan Pasha
1257,Andres Artunedo Martinavarr
1258,Mitchell Krueger
1259,Clay Thompson
1260,Patrick Ciorcila
1261,Laurent Lokoli
1262,Daniel Smethurst
1263,Fabiano De Paula
1264,Kento Takeuchi
1265,Gregoire Burquier
1266,Marcos Giron
1267,James Mcgee
1268,Kimmer Coppejans
1269,Maximilian Marterer
1270,Matteo Trevisan
1271,Toni Androic
1272,Maxime Hamou
1273,N Vijay Sundar Prashanth
1274,Alex Bolt
1275,Fabrice Martin
1276,Ryan Shane
1277,Takuto Niki
1278,Lorenzo Giustino
1279,Lucas Miedler
1280,Christopher Eubanks
1281,Federico Gaio
1282,Constant Lestienne
1283,David Vega Hernandez
1284,Eric Quigley
1285,Germain Gigounon
1286,Oliver Anderson
1287,Mubarak Al Harrasi
1288,Finn Tearney
1289,Dimitar Kuzmanov
1290,Alexander Lazov
1291,Michael Mmoh
1292,Luis Patino
1293,Amine Ahouda
1294,Pedro Cachin
1295,Michael Linzer
1296,Salvatore Caruso
1297,Lorenzo Sonego
1298,Roberto Ortega Olmedo
1299,Gregoire Barrere
1300,Jordi Samper Montana
1301,Jan Choinski
1302,Fred Simonsson
1303,Marvin Moeller
1304,Johan Nikles
1305,Akira Santillan
1306,Nino Serdarusic
1307,Enrique Lopez Perez
1308,Austin Smith
1309,Tim Van Rijthoven
1310,Yannick Maden
1311,Adam Hornby
1312,Seanon Williams
1313,Jose Olivares
1314,Jose Hernandez
1315,Manuel Castellanos
1316,Hong Chung
1317,Yasir Khan
1318,Mahammad Abid
1319,Gabor Borsos
1320,Tomislav Ternar
1321,Daniel Windahl
1322,Francisco Yim Kim
1323,Hernando Jose Escurra Isnardi
1324,Alberto Emmanuel Alvarado Larin
1325,Alex Diaz
1326,Sebastian Quiros
1327,Abdulrahman Alawadhi
1328,Abdulhamid Mubarak
1329,Ali Ghareeb
1330,Puriwat Chatpatcharoen
1331,Syed Mohd Agil Syed Naguib
1332,Hao Sheng Koay
1333,Minhtuan Pham
1334,Aditya Hari Sasongko
1335,Dac Tien Nguyen
1336,Anis Ghorbel
1337,Andreas Bjerrehus
1338,Karim Mohamed Maamoun
1339,George Tsivadze
1340,Giorgi Javakhishvili
1341,Irakli Metreveli
1342,Janis Podzus
1343,Rudolfs Mednis
1344,Tadas Babelis
1345,Tomas Vaise
1346,Romain Arneodo
1347,Alex Knaff
1348,Ugo Nastasi
1349,Tom Diederich
1350,Courtney John Lock
1351,Eero Vasa
1352,Marin Draganja
1353,Sumit Nagal
1354,Artem Smirnov
1355,Danylo Kalenichenko
1356,Sanjar Fayziev
1357,Djurabek Karimov
1358,Anil Yuksel
1359,Christopher Oconnell
1360,Blake Mott
1361,Roberto Cid
1362,Nick Hardt
1363,Juan Pablo Varillas Patino Samudio
1364,Alexander Merino
1365,Duck Hee Lee
1366,Soon Woo Kwon
1367,Yshai Oliel
1368,Daniel Cukierman
1369,Philip Wilbert Major
1370,Spencer Newman
1371,Justin Lunn
1372,Haydn Lewis
1373,Hugo Dellien
1374,Gerardo Lopez Villasenor
1375,Anthony Susanto
1376,Abdullah Maqdas
1377,Shahin Khaledan
1378,Anoosha Shahgholi
1379,Hei Yin Andrew Li
1380,Mattias Siimar
1381,Emil Ruusuvuori
1382,Lucas Andriamasilalao
1383,Mehdi Jdi
1384,Tilen Zitnik
1385,Mohamed Aziz Dougaz
1386,Petros Chrysochos
1387,Menelaos Efstathiou
1388,Nicholas Campbell
